id_usuario,login_usuario,nome_usuario,dt_nascimento_usuario,e_mail_usuario,publicar
1,Xenocrates,Vidal Savina Niki,1987-01-01,jeteve@verizon.net,S,E2g95r5B,S
2,Emma,Alessa Leith Monty,1958-01-01,fluffy@att.net,S,KwBA5VxH,S
3,Victorinus,Sabrina Tiffani Bibiana,1962-01-01,heckerman@yahoo.com.br,S,Z2ekPfH2,S
4,Natalia,Chelsea Daniel Shaye,1970-01-01,claypool@yahoo.com.br,S,LMYtTJAy,S
5,Hildr,Jade Shania Lara,1985-01-01,dhrakar@att.net,S,TXpBNQTg,S
6,Elisabeth,Rhoda Alison Mia,1987-01-01,satishr@verizon.net,S,r9rznWsJfK,S
7,Iason,Rosinha Kennith Dorotea,1999-01-01,microfab@sbcglobal.net,S,5pEkv4e3qC,S
8,Mercury,Sonia Mayra Gervase,2000-01-01,staikos@sbcglobal.net,S,urKWUxhaZ9,N
9,Archelaos,Lilac Arleen Marcello,1992-01-01,kiddailey@comcast.net,S,ve4ZZmMgYP,S
10,Azaryah, gueda Alyssia Agnese,1993-01-01,thaljef@yahoo.com.br,S,vhtVDKudax,S
11,Shamgar,Z Pen Dawson,1998-01-01,jdray@yahoo.com,S,G2qN9v2aHJBbv,S
12,Haerviu,Aitana Doria Maya,1970-01-01,jsbach@msn.com,S,K6U5zzEnRWzXk,N
13,Haimo,Ferm n Georgie Sylviane,1975-01-01,syrinx@yahoo.com.br,S,we9x8cYQTegKY,S
14,Thecla,Innocenzo Joel Marino,1979-01-01,wagnerch@mac.com,S,HdND2PCV6wNpP,S
15,Azazias,Fernande Isacco Blaise,1980-01-01,bowmanbs@comcast.net,S,naQNRA3QshSWj,S
16,Duilius,Lavonne Kiki Cal,1976-01-01,squirrel@me.com,S,BXjzACvSX,N
17,Salvator,Melville Griffin Hadyn,1989-01-01,luebke@mac.com,S,zYWcacUkd,S
18,Girisha,Christian Marco Soraya,1991-01-01,hoyer@verizon.net,S,QWqLRXgDf,S
19,Gautselin,Duncan Kandace Fred,1986-01-01,fbriere@hotmail.com,S,98xm7FYJp,S
20,Maala,Marzia Dahlia Juliana,1983-01-01,rupak@icloud.com,S,aRfK8fJWP,S
